order	mode	trial	warmup	source_revision
0	mode1-all	warmup	true	99ad40950860000c25a0a626e82a326e110be8eb
1	mode2-one	warmup	true	99ad40950860000c25a0a626e82a326e110be8eb
2	mode3-stepped	warmup	true	99ad40950860000c25a0a626e82a326e110be8eb
3	mode1-all	0	false	99ad40950860000c25a0a626e82a326e110be8eb
4	mode2-one	0	false	99ad40950860000c25a0a626e82a326e110be8eb
5	mode3-stepped	0	false	99ad40950860000c25a0a626e82a326e110be8eb
6	mode2-one	1	false	99ad40950860000c25a0a626e82a326e110be8eb
7	mode3-stepped	1	false	99ad40950860000c25a0a626e82a326e110be8eb
8	mode1-all	1	false	99ad40950860000c25a0a626e82a326e110be8eb
9	mode3-stepped	2	false	99ad40950860000c25a0a626e82a326e110be8eb
10	mode1-all	2	false	99ad40950860000c25a0a626e82a326e110be8eb
11	mode2-one	2	false	99ad40950860000c25a0a626e82a326e110be8eb
