set	label	attempt	revision	record	trial	started	load_before	rejected	reasons	frames	mean_ms	p50_ms	p95_ms	p99_ms	max_ms	draw_calls_mean	draw_calls_median	draw_calls_p95	render_objects_mean	render_objects_median	render_objects_p95	primitives_mean	record_rows	timer_calls	record_frame_ms	draw_ms	render_ms	render_cpu_ms	draws_all	draws_all_max	draws_crowd_max	draws_crowd	draws_events	draws_halos	draws_scenery	draws_badges	draws_player	draws_other
A	00-cost-main-off-warmup	1	daa09e97	off	warmup	2026-10-04T15:32:30	2.460	False		8157	7.926	7.697	11.168	12.594	24.142	251.115	235.000	352	894.567	902.000	1141	2247.425																
A	01-cost-branch-off-warmup	1	d572b8ef	off	warmup	2026-10-04T15:33:44	2.760	False		8147	7.936	7.684	11.135	12.337	17.329	252.054	236.000	352	894.780	911.000	1124	2254.014																
A	02-cost-branch-on-warmup	1	d572b8ef	on	warmup			True	another Godot process ran beside it (50999 /Applications/Godot.app/Contents/MacOS/Godot --headless --path /Users/krause/workspa | 51034 /Applications/Godot.app/Contents/MacOS/Godot --headless --import --path /Users/kraus)																													
A	02-cost-branch-on-warmup	2	d572b8ef	on	warmup			True	another Godot process ran beside it (76469 /Applications/Godot.app/Contents/MacOS/Godot --headless --import --path /Users/kraus | 77234 /Applications/Godot.app/Contents/MacOS/Godot --headless --import --path /Users/kraus)																													
A	02-cost-branch-on-warmup	3	d572b8ef	on	warmup	2026-10-04T15:46:27	2.050	False		4717	13.700	14.193	24.165	26.716	35.115	251.177	238.000	355	889.533	879.000	1160	2248.447	5145.000	275.162	13.537	1.200	3.558	1.394	25.234	272	234	16.170	3.196	0.771	0.282	1.000	0.407	3.407
A	03-cost-main-off-r1	1	daa09e97	off	r1			True	another Godot process ran beside it (96567 /Applications/Godot.app/Contents/MacOS/Godot --headless --import --path /Users/kraus | 96594 /Applications/Godot.app/Contents/MacOS/Godot --headless --path /Users/krause/workspa)																													
A	03-cost-main-off-r1	2	daa09e97	off	r1			True	another Godot process ran beside it (97244 /Applications/Godot.app/Contents/MacOS/Godot --headless --import --path /Users/kraus | 97254 /Applications/Godot.app/Contents/MacOS/Godot --headless --path /Users/krause/workspa)																													
A	03-cost-main-off-r1	3	daa09e97	off	r1			True	another Godot process ran beside it (97548 /Applications/Godot.app/Contents/MacOS/Godot --headless --import --path /Users/kraus | 97559 /Applications/Godot.app/Contents/MacOS/Godot --headless --path /Users/krause/workspa)																													
A	03-cost-main-off-r1	4	daa09e97	off	r1	2026-10-04T15:51:28	2.940	False		8047	8.034	7.190	11.228	12.552	16.296	251.867	236.000	351	895.555	908.000	1133	2257.272																
A	04-cost-branch-off-r1	1	d572b8ef	off	r1	2026-10-04T15:52:41	2.740	False		6241	10.356	9.290	16.128	17.885	24.139	251.140	238.000	350	891.379	899.000	1124	2252.096																
A	05-cost-branch-on-r1	1	d572b8ef	on	r1	2026-10-04T15:53:55	3.510	False		6595	9.792	9.036	15.953	17.251	19.943	249.962	236.000	350	892.644	910.000	1134	2233.892	6960.000	273.217	10.004	0.695	3.261	0.999	20.334	275	234	12.458	2.424	0.643	0.208	1.000	0.301	3.301
A	06-cost-branch-off-r2	1	d572b8ef	off	r2	2026-10-04T15:55:10	3.640	False		8020	8.061	7.409	11.410	13.426	19.346	251.781	234	351	896.405	912	1161	2254.465																
A	07-cost-branch-on-r2	1	d572b8ef	on	r2			True	another Godot process ran beside it (30876 /Applications/Godot.app/Contents/MacOS/Godot --headless --import --path /Users/kraus | 30883 /Applications/Godot.app/Contents/MacOS/Godot --headless --path /Users/krause/workspa)																													
A	07-cost-branch-on-r2	2	d572b8ef	on	r2			True	another Godot process ran beside it (32409 /Applications/Godot.app/Contents/MacOS/Godot --headless --import --path /Users/kraus | 32417 /Applications/Godot.app/Contents/MacOS/Godot --headless --path /Users/krause/workspa)																													
A	07-cost-branch-on-r2	3	d572b8ef	on	r2	2026-10-04T16:02:02	2.250	False		7920	8.159	7.918	11.091	12.532	19.760	250.657	236	352	892.938	902	1137	2238.201	8509.000	273.625	8.185	0.471	3.013	0.793	17.546	272	234	10.096	2.073	0.714	0.171	1.000	0.246	3.246
A	08-cost-main-off-r2	1	daa09e97	off	r2	2026-10-04T16:03:15	2.510	False		8204	7.879	7.659	11.120	11.935	17.535	251.156	236	350	894.936	912	1139	2247.973																
A	09-cost-branch-on-r3	1	d572b8ef	on	r3	2026-10-04T16:04:28	2.630	False		7666	8.430	8.007	11.078	15.419	19.026	251.168	236	350	893.687	902	1133	2251.944	8110.000	273.610	8.589	0.525	2.848	0.855	18.193	272	234	10.661	2.145	0.692	0.179	1.000	0.258	3.258
A	10-cost-main-off-r3	1	daa09e97	off	r3	2026-10-04T16:05:42	3.100	False		8242	7.842	7.590	11.180	11.785	16.307	250.512	236	351	891.402	903	1132	2236.937																
A	11-cost-branch-off-r3	1	d572b8ef	off	r3	2026-10-04T16:06:55	2.910	False		8206	7.879	7.646	11.173	11.914	16.579	251.433	238	351	895.345	907	1138	2253.825																
B	00-cost-main-off-warmup	1	d572b8ef	off	warmup	2026-10-04T16:08:23	2.870	False		8175	7.905	7.692	11.149	11.825	22.851	251.181	236.000	351	893.350	909.000	1145	2245.482																
B	01-cost-branch-off-warmup	1	daa09e97	off	warmup	2026-10-04T16:09:36	3.210	False		8196	7.884	7.665	11.122	12.174	26.045	251.396	234	353	896.662	916	1137	2251.562																
B	02-cost-branch-on-warmup	1	daa09e97	on	warmup	2026-10-04T16:10:49	2.710	False		7660	8.436	8.110	11.002	15.528	18.630	251.886	238	353	895.014	904	1117	2249.576	8247.000	273.705	8.445	3.331												
B	03-cost-main-off-r1	1	d572b8ef	off	r1			True	another Godot process ran beside it (48800 /Applications/Godot.app/Contents/MacOS/Godot --headless --path /Users/krause/workspa)																													
B	03-cost-main-off-r1	2	d572b8ef	off	r1			True	another Godot process ran beside it (53168 /Applications/Godot.app/Contents/MacOS/Godot --headless --import --path /Users/kraus | 53218 /Applications/Godot.app/Contents/MacOS/Godot --headless --path /Users/krause/workspa)																													
B	03-cost-main-off-r1	3	d572b8ef	off	r1			True	another Godot process ran beside it (55075 /Applications/Godot.app/Contents/MacOS/Godot --headless --import --path /Users/kraus | 55088 /Applications/Godot.app/Contents/MacOS/Godot --headless --path /Users/krause/workspa)																													
B	03-cost-main-off-r1	4	d572b8ef	off	r1	2026-10-04T16:19:30	2.500	False		8206	7.878	7.670	11.164	11.959	17.000	251.408	234	349	894.050	898	1117	2245.000																
B	04-cost-branch-off-r1	1	daa09e97	off	r1	2026-10-04T16:20:43	2.570	False		8261	7.825	7.581	11.180	11.838	18.270	251.225	238.000	351	895.527	907.000	1139	2246.249																
B	05-cost-branch-on-r1	1	daa09e97	on	r1	2026-10-04T16:21:56	3.280	False		7967	8.114	7.850	11.169	12.346	16.781	250.495	236.000	351	892.334	906.000	1131	2232.546	8552.000	273.551	8.146	3.459												
B	06-cost-branch-off-r2	1	daa09e97	off	r2	2026-10-04T16:23:10	3.460	False		7958	8.122	7.822	11.689	14.614	33.693	251.205	238	351	892.356	902	1124	2237.748																
B	07-cost-branch-on-r2	1	daa09e97	on	r2	2026-10-04T16:24:23	3.130	False		4728	13.670	14.390	23.391	25.963	33.673	248.442	228	360	890.706	910	1163	2251.267	5289.000	274.539	13.170	4.591												
B	08-cost-main-off-r2	1	d572b8ef	off	r2	2026-10-04T16:25:36	2.920	False		8069	8.005	7.747	11.157	12.758	18.121	250.970	233.000	352	892.978	910.000	1138	2241.233																
B	09-cost-branch-on-r3	1	daa09e97	on	r3	2026-10-04T16:26:50	2.870	False		7947	8.132	7.934	11.146	12.270	17.014	252.129	236.000	352	895.816	902.000	1137	2254.682	8527.000	273.611	8.168	3.483												
B	10-cost-main-off-r3	1	d572b8ef	off	r3	2026-10-04T16:28:04	2.610	False		8175	7.909	7.678	11.185	12.092	17.690	251.674	237.500	351	899.451	909.000	1121	2257.381																
B	11-cost-branch-off-r3	1	daa09e97	off	r3	2026-10-04T16:29:17	2.180	False		8160	7.922	7.730	11.128	11.907	16.556	251.037	238	352	894.991	906	1124	2247.464																
